iter	Poisson
0	0.09830586737
1	0.09966916962
2	0.09831078882
3	0.0997359415
4	0.1016905522
5	0.1020381507
6	0.1017220904
